person,reference_used,single,reflection,majority,debate_weighted,single_text,reflection_text,majority_text,debate_weighted_text,agent_meta,agent_final_texts,debate_history
Barbara Liskov,False,0.46601941747572817,0.5,0.524390243902439,0.524390243902439,"- Barbara Liskov is an American computer scientist born on November 7, 1939.
- She is known for her pioneering work in the field of programming languages and distributed systems.
- Liskov is particularly famous for the development of the Liskov Substitution Principle, a concept in object-oriented programming that emphasizes the importance of subtyping.
- In 2008, she received the Turing Award for her contributions to practical and theoretical foundations of programming language and system design.
- Liskov is also known for her work on the design of programming languages, including the creation of the language CLU (CLU is an acronym for ""Cluster"").","- Barbara Liskov is an American computer scientist known for her pioneering work in the field of programming languages and software engineering.
- She is best known for her development of the Liskov Substitution Principle, which is a fundamental principle in object-oriented programming.
- In 2008, she received the Turing Award for her contributions to practical and theoretical foundations of programming language and system design.
- Liskov is a professor at the Massachusetts Institute of Technology (MIT) and continues to be a leading figure in the field of computer science.","- Barbara Liskov was born on November 7, 1939, in Los Angeles, California.
- She earned her bachelor's degree in mathematics from the University of California, Berkeley, in 1961.
- Liskov became the first woman to be awarded a Ph.D. in computer science from Stanford University in 1968.
- Renowned for her pioneering work in programming languages and software engineering, particularly for introducing the concept of data abstraction in 1974.
- Best known for developing the Liskov Substitution Principle, a fundamental concept in object-oriented design.
- Created the programming language CLU, which introduced important features like iterators and exception handling mechanisms.
- Awarded the Turing Award in 2008 for significant contributions to the practical and theoretical foundations of programming language and system design.
- Made substantial contributions to the field of distributed systems.
- Currently holds the position of Institute Professor at the Massachusetts Institute of Technology (MIT) and remains a leading figure in computer science and a trailblazer for women in the field.","- Barbara Liskov was born on November 7, 1939, in Los Angeles, California.
- She earned her bachelor's degree in mathematics from the University of California, Berkeley, in 1961.
- Liskov became the first woman to be awarded a Ph.D. in computer science from Stanford University in 1968.
- Renowned for her pioneering work in programming languages and software engineering, particularly for introducing the concept of data abstraction in 1974.
- Best known for developing the Liskov Substitution Principle, a fundamental concept in object-oriented design.
- Created the programming language CLU, which introduced important features like iterators and exception handling mechanisms.
- Awarded the Turing Award in 2008 for significant contributions to the practical and theoretical foundations of programming language and system design.
- Made substantial contributions to the field of distributed systems.
- Currently holds the position of Institute Professor at the Massachusetts Institute of Technology (MIT) and remains a leading figure in computer science and a trailblazer for women in the field.","[{""name"": ""Generalist"", ""reliability"": 0.5}, {""name"": ""Historian"", ""reliability"": 0.5}, {""name"": ""Engineer"", ""reliability"": 0.5}]","[""- Barbara Liskov is an American computer scientist born on November 7, 1939, in Los Angeles, California.\n- She earned her bachelor's degree in mathematics from the University of California, Berkeley, in 1961, and became the first woman to be awarded a Ph.D. in computer science from Stanford University in 1968.\n- Liskov is renowned for her pioneering work in programming languages and software engineering, particularly for introducing the concept of data abstraction in 1974.\n- She is best known for developing the Liskov Substitution Principle, a fundamental concept in object-oriented programming, as well as creating the programming language CLU which introduced important features like iterators and exception handling mechanisms.\n- In 2008, Liskov was awarded the prestigious Turing Award for her contributions to practical and theoretical foundations of programming language and system design.\n- Liskov has made significant contributions to the field of distributed systems and continues to be a leading figure in computer science.\n- Currently, she holds the position of Institute Professor at the Massachusetts Institute of Technology (MIT) and has been a trailblazer for women in the field of computer science."", ""- Barbara Liskov was born on November 7, 1939, in Los Angeles, California.\n- She earned her bachelor's degree in mathematics from the University of California, Berkeley, in 1961.\n- Liskov became the first woman to be awarded a Ph.D. in computer science from Stanford University in 1968.\n- Renowned for her pioneering work in programming languages and software engineering, particularly for introducing the concept of data abstraction in 1974.\n- Best known for developing the Liskov Substitution Principle, a fundamental concept in object-oriented programming.\n- Created the programming language CLU, which introduced important features like iterators and exception handling mechanisms.\n- In 2008, Liskov received the Turing Award for her significant contributions to the practical and theoretical foundations of programming language and system design.\n- Made significant contributions to distributed systems.\n- Holds the position of Institute Professor at the Massachusetts Institute of Technology (MIT) and remains a prominent figure in the field of computer science."", ""- Barbara Liskov was born on November 7, 1939, in Los Angeles, California.\n- She earned her bachelor's degree in mathematics from the University of California, Berkeley, in 1961.\n- Liskov became the first woman to be awarded a Ph.D. in computer science from Stanford University in 1968.\n- Renowned for her pioneering work in programming languages and software engineering, particularly for introducing the concept of data abstraction in 1974.\n- Best known for developing the Liskov Substitution Principle, a fundamental concept in object-oriented design.\n- Created the programming language CLU, which introduced important features like iterators and exception handling mechanisms.\n- Awarded the Turing Award in 2008 for significant contributions to the practical and theoretical foundations of programming language and system design.\n- Made substantial contributions to the field of distributed systems.\n- Currently holds the position of Institute Professor at the Massachusetts Institute of Technology (MIT) and remains a leading figure in computer science and a trailblazer for women in the field.""]","[{""round"": 0, ""responses"": [""- Barbara Liskov is an American computer scientist.\n- She is known for her pioneering work in programming languages and software engineering.\n- Liskov is particularly renowned for her development of the Liskov Substitution Principle, a fundamental concept in object-oriented programming.\n- In 2008, she was awarded the prestigious Turing Award for her contributions to practical and theoretical foundations of programming language and system design.\n- Liskov has made significant contributions to the field of distributed systems and has been a trailblazer for women in computer science."", ""- Barbara Liskov was born on November 7, 1939, in Los Angeles, California.\n- She earned her bachelor's degree in mathematics from the University of California, Berkeley, in 1961.\n- Liskov is best known for her work in programming languages and software engineering.\n- In 1974, she introduced the concept of data abstraction, a fundamental principle in object-oriented programming.\n- Liskov also developed the Liskov Substitution Principle, which is a key concept in object-oriented design.\n- She became the first woman to be awarded a Ph.D. in computer science from Stanford University in 1968.\n- Liskov has received numerous awards for her contributions to the field, including the Turing Award in 2008.\n- She has held teaching positions at MIT and currently serves as an Institute Professor at the university."", ""- Barbara Liskov is a renowned computer scientist known for her significant contributions to the field of programming languages and software engineering.  \n- She is best known for developing the Liskov Substitution Principle, which is a fundamental concept in object-oriented programming.  \n- Liskov also created the language CLU, which introduced many important features such as iterators and exception handling mechanisms.  \n- In 2008, she was awarded the prestigious Turing Award for her contributions to practical and theoretical foundations of programming language and system design.  \n- Liskov is currently an Institute Professor at the Massachusetts Institute of Technology (MIT) and continues to be a leading figure in the field of computer science.""]}, {""round"": 1, ""responses"": [""- Barbara Liskov was born on November 7, 1939, in Los Angeles, California.\n- She earned her bachelor's degree in mathematics from the University of California, Berkeley, in 1961.\n- Liskov became the first woman to be awarded a Ph.D. in computer science from Stanford University in 1968.\n- She is renowned for her work in programming languages and software engineering, particularly for introducing the concept of data abstraction in 1974.\n- Liskov is best known for developing the Liskov Substitution Principle, a key concept in object-oriented design.\n- She also created the programming language CLU, which introduced important features like iterators and exception handling mechanisms.\n- In 2008, Liskov received the Turing Award for her significant contributions to the practical and theoretical foundations of programming language and system design.\n- Currently, she holds the position of Institute Professor at the Massachusetts Institute of Technology (MIT) and remains a prominent figure in the field of computer science."", ""- Barbara Liskov is an American computer scientist known for her pioneering work in programming languages and software engineering.\n- She is renowned for developing the Liskov Substitution Principle, a fundamental concept in object-oriented programming, as well as creating the programming language CLU which introduced important features like iterators and exception handling mechanisms.\n- In 2008, Liskov was awarded the Turing Award for her contributions to practical and theoretical foundations of programming language and system design.\n- Liskov has made significant contributions to the field of distributed systems and continues to be a leading figure in computer science.\n- Currently, she holds the position of Institute Professor at the Massachusetts Institute of Technology (MIT) and has been a trailblazer for women in the field of computer science."", ""- Barbara Liskov is an American computer scientist born on November 7, 1939, in Los Angeles, California.\n- She earned her bachelor's degree in mathematics from the University of California, Berkeley, in 1961, and became the first woman to be awarded a Ph.D. in computer science from Stanford University in 1968.\n- Liskov is renowned for her pioneering work in programming languages and software engineering, particularly for introducing the concept of data abstraction in 1974.\n- She is best known for developing the Liskov Substitution Principle, a fundamental concept in object-oriented programming.\n- In 2008, Liskov was awarded the prestigious Turing Award for her contributions to practical and theoretical foundations of programming language and system design.\n- She has made significant contributions to distributed systems and has been a trailblazer for women in computer science.\n- Liskov has held teaching positions at MIT and currently serves as an Institute Professor at the university.""]}, {""round"": 2, ""responses"": [""- Barbara Liskov is an American computer scientist born on November 7, 1939, in Los Angeles, California.\n- She earned her bachelor's degree in mathematics from the University of California, Berkeley, in 1961, and became the first woman to be awarded a Ph.D. in computer science from Stanford University in 1968.\n- Liskov is renowned for her pioneering work in programming languages and software engineering, particularly for introducing the concept of data abstraction in 1974.\n- She is best known for developing the Liskov Substitution Principle, a fundamental concept in object-oriented programming, as well as creating the programming language CLU which introduced important features like iterators and exception handling mechanisms.\n- In 2008, Liskov was awarded the prestigious Turing Award for her contributions to practical and theoretical foundations of programming language and system design.\n- Liskov has made significant contributions to the field of distributed systems and continues to be a leading figure in computer science.\n- Currently, she holds the position of Institute Professor at the Massachusetts Institute of Technology (MIT) and has been a trailblazer for women in the field of computer science."", ""- Barbara Liskov was born on November 7, 1939, in Los Angeles, California.\n- She earned her bachelor's degree in mathematics from the University of California, Berkeley, in 1961.\n- Liskov became the first woman to be awarded a Ph.D. in computer science from Stanford University in 1968.\n- Renowned for her pioneering work in programming languages and software engineering, particularly for introducing the concept of data abstraction in 1974.\n- Best known for developing the Liskov Substitution Principle, a fundamental concept in object-oriented programming.\n- Created the programming language CLU, which introduced important features like iterators and exception handling mechanisms.\n- In 2008, Liskov received the Turing Award for her significant contributions to the practical and theoretical foundations of programming language and system design.\n- Made significant contributions to distributed systems.\n- Holds the position of Institute Professor at the Massachusetts Institute of Technology (MIT) and remains a prominent figure in the field of computer science."", ""- Barbara Liskov was born on November 7, 1939, in Los Angeles, California.\n- She earned her bachelor's degree in mathematics from the University of California, Berkeley, in 1961.\n- Liskov became the first woman to be awarded a Ph.D. in computer science from Stanford University in 1968.\n- Renowned for her pioneering work in programming languages and software engineering, particularly for introducing the concept of data abstraction in 1974.\n- Best known for developing the Liskov Substitution Principle, a fundamental concept in object-oriented design.\n- Created the programming language CLU, which introduced important features like iterators and exception handling mechanisms.\n- Awarded the Turing Award in 2008 for significant contributions to the practical and theoretical foundations of programming language and system design.\n- Made substantial contributions to the field of distributed systems.\n- Currently holds the position of Institute Professor at the Massachusetts Institute of Technology (MIT) and remains a leading figure in computer science and a trailblazer for women in the field.""]}]"
Judea Pearl,False,0.6153846153846154,0.5833333333333334,0.6153846153846154,0.6153846153846154,"- Person is a computer scientist.
- Known for algorithms.
- Received awards.","- Judea Pearl is an Israeli-American computer scientist.
- He is best known for his work in artificial intelligence, specifically in the field of causal inference.
- Pearl developed the Bayesian network framework for reasoning.
- He received the Turing Award in 2011 for his contributions to artificial intelligence.
- Pearl's work has impacted machine learning, cognitive science, and philosophy.","- Person is a computer scientist.
- Known for algorithms.
- Received awards.","- Person is a computer scientist.
- Known for algorithms.
- Received awards.","[{""name"": ""Generalist"", ""reliability"": 0.5}, {""name"": ""Historian"", ""reliability"": 0.5}, {""name"": ""Engineer"", ""reliability"": 0.5}]","[""- Person is a computer scientist.\n- Known for algorithms.\n- Received awards."", ""- Person is a computer scientist.\n- Known for algorithms.\n- Received awards."", ""- Person is a computer scientist.\n- Known for algorithms.\n- Received awards.""]","[{""round"": 0, ""responses"": [""- Person is a computer scientist.\n- Known for algorithms.\n- Received awards."", ""- Judea Pearl was born on September 4, 1936, in Tel Aviv, Israel.\n- He received his Bachelor of Science degree in Electrical Engineering from the Technion â€“ Israel Institute of Technology in 1960.\n- Pearl obtained his Master's degree in Physics from Rutgers University in 1965 and his Ph.D. in Electrical Engineering from the Polytechnic Institute of Brooklyn in 1965.\n- He is best known for his work in artificial intelligence, specifically for developing the Bayesian networks and the theory of causal inference.\n- Pearl received the Turing Award in 2011 for his fundamental contributions to artificial intelligence through the development of a calculus for probabilistic and causal reasoning.\n- He is a professor of computer science at the University of California, Los Angeles (UCLA), where he has made significant contributions to the field of artificial intelligence and causal reasoning.\n- Pearl has authored several influential books, including \""Probabilistic Reasoning in Intelligent Systems\"" and \""Causality: Models, Reasoning, and Inference,\"" which have had a profound impact on the field of artificial intelligence."", ""- Person is a computer scientist.\n- Known for algorithms.\n- Received awards.""]}, {""round"": 1, ""responses"": [""- Person is a computer scientist.\n- Known for algorithms.\n- Received awards."", ""- Person is a computer scientist.\n- Known for algorithms.\n- Received awards."", ""- Person is a computer scientist.\n- Known for algorithms.\n- Received awards.""]}, {""round"": 2, ""responses"": [""- Person is a computer scientist.\n- Known for algorithms.\n- Received awards."", ""- Person is a computer scientist.\n- Known for algorithms.\n- Received awards."", ""- Person is a computer scientist.\n- Known for algorithms.\n- Received awards.""]}]"
Andrew Yao,False,0.6153846153846154,0.5,0.6153846153846154,0.6153846153846154,"- Person is a computer scientist.
- Known for algorithms.
- Received awards.",Here is my updated answer. (C),"- Person is a computer scientist.
- Known for algorithms.
- Received awards.","- Person is a computer scientist.
- Known for algorithms.
- Received awards.","[{""name"": ""Generalist"", ""reliability"": 0.5}, {""name"": ""Historian"", ""reliability"": 0.5}, {""name"": ""Engineer"", ""reliability"": 0.5}]","[""- Person is a computer scientist.\n- Known for algorithms.\n- Received awards."", ""- Person is a computer scientist.\n- Known for algorithms.\n- Received awards."", ""- Person is a computer scientist.\n- Known for algorithms.\n- Received awards.""]","[{""round"": 0, ""responses"": [""- Person is a computer scientist.\n- Known for algorithms.\n- Received awards."", ""- Person is a computer scientist.\n- Known for algorithms.\n- Received awards."", ""- Person is a computer scientist.\n- Known for algorithms.\n- Received awards.""]}, {""round"": 1, ""responses"": [""- Person is a computer scientist.\n- Known for algorithms.\n- Received awards."", ""- Person is a computer scientist.\n- Known for algorithms.\n- Received awards."", ""- Person is a computer scientist.\n- Known for algorithms.\n- Received awards.""]}, {""round"": 2, ""responses"": [""- Person is a computer scientist.\n- Known for algorithms.\n- Received awards."", ""- Person is a computer scientist.\n- Known for algorithms.\n- Received awards."", ""- Person is a computer scientist.\n- Known for algorithms.\n- Received awards.""]}]"
Donald Knuth,False,0.6153846153846154,0.5,0.6153846153846154,0.6153846153846154,"- Person is a computer scientist.
- Known for algorithms.
- Received awards.",Here is my updated answer. (C),"- Person is a computer scientist.
- Known for algorithms.
- Received awards.","- Person is a computer scientist.
- Known for algorithms.
- Received awards.","[{""name"": ""Generalist"", ""reliability"": 0.5}, {""name"": ""Historian"", ""reliability"": 0.5}, {""name"": ""Engineer"", ""reliability"": 0.5}]","[""- Person is a computer scientist.\n- Known for algorithms.\n- Received awards."", ""- Person is a computer scientist.\n- Known for algorithms.\n- Received awards."", ""- Person is a computer scientist.\n- Known for algorithms.\n- Received awards.""]","[{""round"": 0, ""responses"": [""- Person is a computer scientist.\n- Known for algorithms.\n- Received awards."", ""- Person is a computer scientist.\n- Known for algorithms.\n- Received awards."", ""- Person is a computer scientist.\n- Known for algorithms.\n- Received awards.""]}, {""round"": 1, ""responses"": [""- Person is a computer scientist.\n- Known for algorithms.\n- Received awards."", ""- Person is a computer scientist.\n- Known for algorithms.\n- Received awards."", ""- Person is a computer scientist.\n- Known for algorithms.\n- Received awards.""]}, {""round"": 2, ""responses"": [""- Person is a computer scientist.\n- Known for algorithms.\n- Received awards."", ""- Person is a computer scientist.\n- Known for algorithms.\n- Received awards."", ""- Person is a computer scientist.\n- Known for algorithms.\n- Received awards.""]}]"
John McCarthy,False,0.6153846153846154,0.5,0.6153846153846154,0.6153846153846154,"- Person is a computer scientist.
- Known for algorithms.
- Received awards.",Here is my updated answer. (C),"- Person is a computer scientist.
- Known for algorithms.
- Received awards.","- Person is a computer scientist.
- Known for algorithms.
- Received awards.","[{""name"": ""Generalist"", ""reliability"": 0.5}, {""name"": ""Historian"", ""reliability"": 0.5}, {""name"": ""Engineer"", ""reliability"": 0.5}]","[""- Person is a computer scientist.\n- Known for algorithms.\n- Received awards."", ""- Person is a computer scientist.\n- Known for algorithms.\n- Received awards."", ""- Person is a computer scientist.\n- Known for algorithms.\n- Received awards.""]","[{""round"": 0, ""responses"": [""- Person is a computer scientist.\n- Known for algorithms.\n- Received awards."", ""- Person is a computer scientist.\n- Known for algorithms.\n- Received awards."", ""- Person is a computer scientist.\n- Known for algorithms.\n- Received awards.""]}, {""round"": 1, ""responses"": [""- Person is a computer scientist.\n- Known for algorithms.\n- Received awards."", ""- Person is a computer scientist.\n- Known for algorithms.\n- Received awards."", ""- Person is a computer scientist.\n- Known for algorithms.\n- Received awards.""]}, {""round"": 2, ""responses"": [""- Person is a computer scientist.\n- Known for algorithms.\n- Received awards."", ""- Person is a computer scientist.\n- Known for algorithms.\n- Received awards."", ""- Person is a computer scientist.\n- Known for algorithms.\n- Received awards.""]}]"
Leslie Lamport,False,0.6153846153846154,0.5,0.6153846153846154,0.6153846153846154,"- Person is a computer scientist.
- Known for algorithms.
- Received awards.",Here is my updated answer. (C),"- Person is a computer scientist.
- Known for algorithms.
- Received awards.","- Person is a computer scientist.
- Known for algorithms.
- Received awards.","[{""name"": ""Generalist"", ""reliability"": 0.5}, {""name"": ""Historian"", ""reliability"": 0.5}, {""name"": ""Engineer"", ""reliability"": 0.5}]","[""- Person is a computer scientist.\n- Known for algorithms.\n- Received awards."", ""- Person is a computer scientist.\n- Known for algorithms.\n- Received awards."", ""- Person is a computer scientist.\n- Known for algorithms.\n- Received awards.""]","[{""round"": 0, ""responses"": [""- Person is a computer scientist.\n- Known for algorithms.\n- Received awards."", ""- Person is a computer scientist.\n- Known for algorithms.\n- Received awards."", ""- Person is a computer scientist.\n- Known for algorithms.\n- Received awards.""]}, {""round"": 1, ""responses"": [""- Person is a computer scientist.\n- Known for algorithms.\n- Received awards."", ""- Person is a computer scientist.\n- Known for algorithms.\n- Received awards."", ""- Person is a computer scientist.\n- Known for algorithms.\n- Received awards.""]}, {""round"": 2, ""responses"": [""- Person is a computer scientist.\n- Known for algorithms.\n- Received awards."", ""- Person is a computer scientist.\n- Known for algorithms.\n- Received awards."", ""- Person is a computer scientist.\n- Known for algorithms.\n- Received awards.""]}]"
